{"Train Loss": 0.7435516600425427, "Train Accuracy": 55.943627450980394, "Valid Loss": 0.7214047163724899, "Valid Accuracy": 61.76470588235294, "_timestamp": 1703162621.256838, "_runtime": 1410.4696180820465, "_step": 9}