{"Train Loss": 0.6816913989874033, "Train Acc": 59.129901960784316, "Valid Loss": 0.6684012413024902, "Valid Acc": 53.431372549019606, "_timestamp": 1703177842.5474641, "_runtime": 258.3960461616516, "_step": 2, "_wandb": {"runtime": 301}}