{"Train Loss": 0.42187660802965576, "Train Acc": 79.64601769911505, "Valid Loss": 0.43923088411490124, "Valid Acc": 79.56403269754769, "_timestamp": 1705062012.0549405, "_runtime": 6771.095130443573, "_step": 50, "ROC Curve": {"_type": "image-file", "sha256": "bd1dd04f2bc6b4d3cc802d84ba6382121e31df79ec3f3b749284407afcd7cc84", "size": 2396, "path": "media/images/ROC Curve_50_bd1dd04f2bc6b4d3cc80.png", "format": "png", "width": 640, "height": 480}}