{"Train Loss": 0.2985225898715166, "Train Acc": 88.78676470588235, "Valid Loss": 1.0509224385023117, "Valid Acc": 62.745098039215684, "_timestamp": 1703165349.1330523, "_runtime": 1842.9252264499664, "_step": 9, "_wandb": {"runtime": 1840}}