{"Train Loss": 0.6187234566761897, "Train Acc": 67.0343137254902, "Valid Loss": 0.8023313134908676, "Valid Acc": 52.450980392156865, "_timestamp": 1703177424.5308585, "_runtime": 384.81601643562317, "_step": 1}