{"Train Loss": 0.6903857084421011, "Train Acc": 54.47303921568628, "Valid Loss": 0.6625261008739471, "Valid Acc": 52.450980392156865, "_timestamp": 1703178142.5532734, "_runtime": 178.3244423866272, "_step": 1, "_wandb": {"runtime": 382}}