{"Train Loss": 0.41062594606326175, "Train Acc": 81.92401960784314, "Valid Loss": 0.7473268955945969, "Valid Acc": 58.333333333333336, "_timestamp": 1703171017.738514, "_runtime": 1094.3421499729156, "_step": 5}