{"Train Loss": 0.42239756558252417, "Train Acc": 78.96528250510552, "Valid Loss": 0.4516980250676473, "Valid Acc": 79.83651226158038, "_timestamp": 1703358769.400852, "_runtime": 4206.7596299648285, "_step": 49, "_wandb": {"runtime": 4235}}