{"Train Loss": 0.648345566712893, "Train Acc": 65.25735294117646, "Valid Loss": 0.6601790487766266, "Valid Acc": 52.450980392156865, "_timestamp": 1703174999.4997337, "_runtime": 758.8021945953369, "_step": 3}