{"Train Loss": 0.5095709264278412, "Train Acc": 74.33628318584071, "Valid Loss": 0.5168731758991877, "Valid Acc": 73.29700272479565, "_timestamp": 1703354426.758979, "_runtime": 4133.148212194443, "_step": 51, "Matriz_confusi\u00f3n": [[63, 34], [13, 95]], "ROC Curve": {"_type": "image-file", "sha256": "c490ef72e7ee43e00cd474fece0331604391928e2b74affc3121d4fa9b89356f", "size": 2306, "path": "media/images/ROC Curve_51_c490ef72e7ee43e00cd4.png", "format": "png", "width": 640, "height": 480}, "_wandb": {"runtime": 4136}}