{"Train Loss": 0.42187660802965576, "Train Acc": 79.64601769911505, "Valid Loss": 0.43923088411490124, "Valid Acc": 79.56403269754769, "_timestamp": 1705075749.2894583, "_runtime": 5558.505147218704, "_step": 49, "_wandb": {"runtime": 5645}}