{"Train Loss": 0.6476190388202667, "Train Acc": 65.68627450980392, "Valid Loss": 0.7208120375871658, "Valid Acc": 52.450980392156865, "_timestamp": 1703176061.0200734, "_runtime": 743.3162343502045, "_step": 3}