{"Train Loss": 0.5977689555058112, "Train Acc": 67.58578431372548, "Valid Loss": 3.148837447166443, "Valid Acc": 52.450980392156865, "_timestamp": 1703169767.262815, "_runtime": 547.1331911087036, "_step": 2}