{"Train Loss": 0.4666257345158121, "Train Acc": 76.31041524846835, "Valid Loss": 0.5810421208540598, "Valid Acc": 72.47956403269755, "_timestamp": 1703363147.8524382, "_runtime": 4149.255613327026, "_step": 49, "_wandb": {"runtime": 4157}}