{"Train Loss": 0.6706448976810162, "Train Acc": 59.00735294117647, "Valid Loss": 0.7113405019044876, "Valid Acc": 52.450980392156865, "_timestamp": 1703173225.0746832, "_runtime": 2011.1782531738281, "_step": 11, "Matriz_confusi\u00f3n": [[0, 88], [1, 116]], "ROC Curve": {"_type": "image-file", "sha256": "c490ef72e7ee43e00cd474fece0331604391928e2b74affc3121d4fa9b89356f", "size": 2306, "path": "media/images/ROC Curve_11_c490ef72e7ee43e00cd4.png", "format": "png", "width": 640, "height": 480}, "_wandb": {"runtime": 2008}}