{"Train Loss": 0.357922616486366, "Train Acc": 83.70098039215686, "Valid Loss": 2.893171787261963, "Valid Acc": 53.92156862745098, "_timestamp": 1703169171.0772583, "_runtime": 1822.054672241211, "_step": 7, "_wandb": {"runtime": 1860}}