{"Train Loss": 0.42239756558252417, "Train Acc": 78.96528250510552, "Valid Loss": 0.4516980250676473, "Valid Acc": 79.83651226158038, "_timestamp": 1703367626.5034122, "_runtime": 4058.712648153305, "_step": 49, "_wandb": {"runtime": 4077}}