{"Train Loss": 0.6876767529891088, "Train Acc": 57.04656862745098, "Valid Loss": 0.707233265042305, "Valid Acc": 53.92156862745098, "_timestamp": 1703167025.2724316, "_runtime": 1631.5826206207275, "_step": 9, "_wandb": {"runtime": 1631}}