{"Train Loss": 0.5969035923480988, "Train Acc": 69.30147058823529, "Valid Loss": 0.9942387789487839, "Valid Acc": 52.94117647058823, "_timestamp": 1703163379.4068325, "_runtime": 556.7957963943481, "_step": 2}