{"Train Loss": 0.6454709447347201, "Train Acc": 65.13480392156863, "Valid Loss": 0.6691233217716217, "Valid Acc": 52.450980392156865, "_timestamp": 1703174037.0927796, "_runtime": 552.6855547428131, "_step": 2}