{"Train Loss": 0.6432778514348544, "Train Acc": 64.5220588235294, "Valid Loss": 2.0302502810955048, "Valid Acc": 52.450980392156865, "_timestamp": 1703176970.465931, "_runtime": 740.4536650180817, "_step": 3}