{"Train Loss": 0.5391578739104064, "Train Acc": 72.22600408441116, "Valid Loss": 0.49959007402261096, "Valid Acc": 76.29427792915531, "_timestamp": 1703182753.8948693, "_runtime": 4394.3116772174835, "_step": 51, "Matriz_confusi\u00f3n": [[72, 25], [17, 91]], "ROC Curve": {"_type": "image-file", "sha256": "c490ef72e7ee43e00cd474fece0331604391928e2b74affc3121d4fa9b89356f", "size": 2306, "path": "media/images/ROC Curve_51_c490ef72e7ee43e00cd4.png", "format": "png", "width": 640, "height": 480}, "_wandb": {"runtime": 3945}}